Time,id,x,y
1581536402.0,2.0,0.0,0.0
1581536402.0,3.0,0.0,0.0
1581536402.0,5.0,0.0,0.0
1581536402.0,4.0,0.0,0.0
1581536402.0,6.0,0.0,0.0
1581536403.0,5.0,2.4930713176727295,10.811332702636719
1581536403.0,5.0,2.4930713176727295,10.811332702636719
1581536403.0,5.0,2.4931032657623291,10.802505493164062
1581536403.0,5.0,2.4931032657623291,10.802505493164062
1581536403.0,5.0,2.4931299686431885,10.793227195739746
1581536403.0,5.0,2.4931299686431885,10.793227195739746
1581536403.0,5.0,2.4931108951568604,10.783735275268555
1581536403.0,5.0,2.4931108951568604,10.783735275268555
1581536403.0,5.0,2.4930262565612793,10.774252891540527
1581536403.0,5.0,2.4930262565612793,10.774252891540527
1581536403.0,5.0,2.4928569793701172,10.764409065246582
1581536403.0,5.0,2.4928569793701172,10.764409065246582
1581536403.0,5.0,2.492626428604126,10.754669189453125
1581536403.0,5.0,2.492626428604126,10.754669189453125
1581536403.0,5.0,2.4921348094940186,10.744821548461914
1581536403.0,5.0,2.4921348094940186,10.744821548461914
1581536403.0,5.0,2.4915146827697754,10.734959602355957
1581536403.0,5.0,2.4915146827697754,10.734959602355957
1581536403.0,5.0,2.490980863571167,10.725090980529785
1581536403.0,5.0,2.490980863571167,10.725090980529785
1581536403.0,5.0,2.4903914928436279,10.715229034423828
1581536403.0,5.0,2.4903914928436279,10.715229034423828
1581536403.0,5.0,2.4897756576538086,10.70514965057373
1581536403.0,5.0,2.4897756576538086,10.70514965057373
1581536403.0,5.0,2.4893133640289307,10.69517993927002
1581536403.0,5.0,2.4893133640289307,10.69517993927002
1581536403.0,5.0,2.4888339042663574,10.684889793395996
1581536403.0,5.0,2.4888339042663574,10.684889793395996
1581536403.0,5.0,2.4884636402130127,10.675130844116211
1581536403.0,5.0,2.4884636402130127,10.675130844116211
1581536403.0,5.0,2.4881751537322998,10.665087699890137
1581536403.0,5.0,2.4881751537322998,10.665087699890137
1581536403.0,5.0,2.4879536628723145,10.655169486999512
1581536403.0,5.0,2.4879536628723145,10.655169486999512
1581536403.0,5.0,2.487781286239624,10.645503044128418
1581536403.0,5.0,2.487781286239624,10.645503044128418
1581536403.0,5.0,2.48763108253479,10.635872840881348
1581536403.0,5.0,2.48763108253479,10.635872840881348
1581536403.0,5.0,2.4874875545501709,10.626157760620117
1581536403.0,5.0,2.4874875545501709,10.626157760620117
1581536403.0,5.0,2.4873950481414795,10.616847038269043
1581536403.0,5.0,2.4873950481414795,10.616847038269043
1581536403.0,5.0,2.4873552322387695,10.607538223266602
1581536403.0,5.0,2.4873552322387695,10.607538223266602
1581536403.0,5.0,2.487349271774292,10.598182678222656
1581536403.0,5.0,2.487349271774292,10.598182678222656
1581536403.0,5.0,2.4893624782562256,10.591220855712891
1581536403.0,5.0,2.4893624782562256,10.591220855712891
1581536403.0,5.0,2.4922623634338379,10.584048271179199
1581536403.0,5.0,2.4922623634338379,10.584048271179199
1581536403.0,5.0,2.4959957599639893,10.576935768127441
1581536403.0,5.0,2.4959957599639893,10.576935768127441
1581536403.0,5.0,2.5006017684936523,10.569988250732422
1581536403.0,5.0,2.5006017684936523,10.569988250732422
1581536403.0,5.0,2.5059487819671631,10.562881469726562
1581536403.0,5.0,2.5059487819671631,10.562881469726562
1581536403.0,5.0,2.5117883682250977,10.556458473205566
1581536403.0,5.0,2.5117883682250977,10.556458473205566
1581536403.0,5.0,2.518563985824585,10.550214767456055
1581536403.0,5.0,2.518563985824585,10.550214767456055
8.0,5.0,4.6150946617126465,12.537714004516602
8.0,5.0,4.6150946617126465,12.537714004516602
8.0,5.0,4.6150946617126465,12.537714004516602
8.0,5.0,4.6315112113952637,12.537150382995605
8.0,5.0,4.6315112113952637,12.537150382995605
8.0,5.0,4.6315112113952637,12.537150382995605
8.0,5.0,4.6433515548706055,12.536589622497559
8.0,5.0,4.6433515548706055,12.536589622497559
8.0,5.0,4.6433515548706055,12.536589622497559
8.0,5.0,4.6582136154174805,12.53569221496582
8.0,5.0,4.6582136154174805,12.53569221496582
8.0,5.0,4.6582136154174805,12.53569221496582
8.0,5.0,4.6733160018920898,12.534255027770996
8.0,5.0,4.6733160018920898,12.534255027770996
8.0,5.0,4.6733160018920898,12.534255027770996
8.0,5.0,4.6896095275878906,12.532804489135742
8.0,5.0,4.6896095275878906,12.532804489135742
8.0,5.0,4.6896095275878906,12.532804489135742
8.0,5.0,4.7071900367736816,12.530945777893066
8.0,5.0,4.7071900367736816,12.530945777893066
8.0,5.0,4.7071900367736816,12.530945777893066
8.0,5.0,4.7191910743713379,12.529932022094727
8.0,5.0,4.7191910743713379,12.529932022094727
8.0,5.0,4.7191910743713379,12.529932022094727
49.0,5.0,15.442830085754395,14.010671615600586
49.0,5.0,15.442830085754395,14.010671615600586
49.0,5.0,15.452010154724121,14.014706611633301
49.0,5.0,15.452010154724121,14.014706611633301
49.0,5.0,15.460483551025391,14.019498825073242
49.0,5.0,15.460483551025391,14.019498825073242
49.0,5.0,15.469501495361328,14.023678779602051
49.0,5.0,15.469501495361328,14.023678779602051
49.0,5.0,15.477899551391602,14.028873443603516
49.0,5.0,15.477899551391602,14.028873443603516
49.0,5.0,15.486854553222656,14.033432960510254
49.0,5.0,15.486854553222656,14.033432960510254
49.0,5.0,15.495070457458496,14.038896560668945
49.0,5.0,15.495070457458496,14.038896560668945
49.0,5.0,15.503905296325684,14.043794631958008
49.0,5.0,15.503905296325684,14.043794631958008
49.0,5.0,15.511651992797852,14.049379348754883
49.0,5.0,15.511651992797852,14.049379348754883
49.0,5.0,15.520222663879395,14.054403305053711
49.0,5.0,15.520222663879395,14.054403305053711
49.0,5.0,15.527852058410645,14.060098648071289
49.0,5.0,15.527852058410645,14.060098648071289
49.0,5.0,15.536038398742676,14.065032958984375
49.0,5.0,15.536038398742676,14.065032958984375
49.0,5.0,15.54339599609375,14.070743560791016
49.0,5.0,15.54339599609375,14.070743560791016
49.0,5.0,15.551421165466309,14.075724601745605
49.0,5.0,15.551421165466309,14.075724601745605
49.0,5.0,15.558573722839355,14.081457138061523
49.0,5.0,15.558573722839355,14.081457138061523
49.0,5.0,15.566143989562988,14.086284637451172
49.0,5.0,15.566143989562988,14.086284637451172
49.0,5.0,15.573125839233398,14.092082977294922
49.0,5.0,15.573125839233398,14.092082977294922
49.0,5.0,15.580743789672852,14.097126007080078
49.0,5.0,15.580743789672852,14.097126007080078
49.0,5.0,15.58790397644043,14.103274345397949
49.0,5.0,15.58790397644043,14.103274345397949
49.0,5.0,15.596028327941895,14.108794212341309
49.0,5.0,15.596028327941895,14.108794212341309
49.0,5.0,15.60336971282959,14.115159034729004
49.0,5.0,15.60336971282959,14.115159034729004
49.0,5.0,15.610971450805664,14.120429039001465
49.0,5.0,15.610971450805664,14.120429039001465
49.0,5.0,15.618464469909668,14.12709903717041
49.0,5.0,15.618464469909668,14.12709903717041
49.0,5.0,15.626773834228516,14.13319206237793
49.0,5.0,15.626773834228516,14.13319206237793
50.0,5.0,15.634051322937012,14.139892578125
50.0,5.0,15.634051322937012,14.139892578125
50.0,5.0,15.641817092895508,14.145530700683594
50.0,5.0,15.641817092895508,14.145530700683594
50.0,5.0,15.648819923400879,14.151978492736816
50.0,5.0,15.648819923400879,14.151978492736816
50.0,5.0,15.656804084777832,14.157795906066895
50.0,5.0,15.656804084777832,14.157795906066895
50.0,5.0,15.664020538330078,14.164575576782227
50.0,5.0,15.664020538330078,14.164575576782227
50.0,5.0,15.672221183776855,14.170470237731934
50.0,5.0,15.672221183776855,14.170470237731934
53.0,5.0,3.5787959098815918,11.290120124816895
53.0,5.0,3.5787959098815918,11.290120124816895
53.0,5.0,3.5779762268066406,11.300129890441895
53.0,5.0,3.5779762268066406,11.300129890441895
53.0,5.0,3.5771529674530029,11.310243606567383
53.0,5.0,3.5771529674530029,11.310243606567383
53.0,5.0,3.5771529674530029,11.310243606567383
54.0,5.0,3.5759918689727783,11.320820808410645
54.0,5.0,3.5759918689727783,11.320820808410645
54.0,5.0,3.5759918689727783,11.320820808410645
54.0,5.0,3.5741724967956543,11.33464241027832
54.0,5.0,3.5741724967956543,11.33464241027832
54.0,5.0,3.5730254650115967,11.350523948669434
54.0,5.0,3.5730254650115967,11.350523948669434
54.0,5.0,3.5719740390777588,11.36037540435791
54.0,5.0,3.5719740390777588,11.36037540435791
54.0,5.0,3.5707612037658691,11.369865417480469
54.0,5.0,3.5707612037658691,11.369865417480469
54.0,5.0,3.5695257186889648,11.379510879516602
54.0,5.0,3.5695257186889648,11.379510879516602
54.0,5.0,3.5684034824371338,11.38881778717041
54.0,5.0,3.5684034824371338,11.38881778717041
54.0,5.0,3.5672318935394287,11.397720336914062
54.0,5.0,3.5672318935394287,11.397720336914062
54.0,5.0,3.5671398639678955,11.407180786132812
54.0,5.0,3.5671398639678955,11.407180786132812
54.0,5.0,3.5669858455657959,11.416762351989746
54.0,5.0,3.5669858455657959,11.416762351989746
54.0,5.0,3.5667579174041748,11.425613403320312
54.0,5.0,3.5667579174041748,11.425613403320312
54.0,5.0,3.5664646625518799,11.434691429138184
54.0,5.0,3.5664646625518799,11.434691429138184
54.0,5.0,3.5661420822143555,11.44400691986084
54.0,5.0,3.5661420822143555,11.44400691986084
54.0,5.0,3.5658354759216309,11.453146934509277
54.0,5.0,3.5658354759216309,11.453146934509277
54.0,5.0,3.5655171871185303,11.462164878845215
54.0,5.0,3.5655171871185303,11.462164878845215
54.0,5.0,3.5651655197143555,11.471467018127441
54.0,5.0,3.5651655197143555,11.471467018127441
54.0,5.0,3.5648210048675537,11.48090934753418
54.0,5.0,3.5648210048675537,11.48090934753418
54.0,5.0,3.5645194053649902,11.490585327148438
54.0,5.0,3.5645194053649902,11.490585327148438
54.0,5.0,3.5642759799957275,11.500434875488281
54.0,5.0,3.5642759799957275,11.500434875488281
54.0,5.0,3.5640830993652344,11.510272026062012
54.0,5.0,3.5640830993652344,11.510272026062012
54.0,5.0,3.5640506744384766,11.520316123962402
54.0,5.0,3.5640506744384766,11.520316123962402
54.0,5.0,3.5642619132995605,11.530518531799316
54.0,5.0,3.5642619132995605,11.530518531799316
54.0,5.0,3.5643813610076904,11.54063892364502
54.0,5.0,3.5643813610076904,11.54063892364502
54.0,5.0,3.564532995223999,11.550756454467773
54.0,5.0,3.564532995223999,11.550756454467773
54.0,5.0,3.5647239685058594,11.560563087463379
54.0,5.0,3.5647239685058594,11.560563087463379
54.0,5.0,3.5648078918457031,11.570695877075195
54.0,5.0,3.5648078918457031,11.570695877075195
54.0,5.0,3.5648467540740967,11.58070182800293
54.0,5.0,3.5648467540740967,11.58070182800293
54.0,5.0,3.5648453235626221,11.590282440185547
54.0,5.0,3.5648453235626221,11.590282440185547
54.0,5.0,3.5647468566894531,11.600049018859863
54.0,5.0,3.5647468566894531,11.600049018859863
58.0,5.0,4.2655081748962402,12.543388366699219
58.0,5.0,4.2655081748962402,12.543388366699219
58.0,5.0,4.2835779190063477,12.543886184692383
58.0,5.0,4.2835779190063477,12.543886184692383
58.0,5.0,4.2931385040283203,12.544082641601562
58.0,5.0,4.2931385040283203,12.544082641601562
58.0,5.0,4.2931385040283203,12.544082641601562
58.0,5.0,4.3036508560180664,12.543983459472656
58.0,5.0,4.3036508560180664,12.543983459472656
58.0,5.0,4.3036508560180664,12.543983459472656
58.0,5.0,4.3175840377807617,12.543917655944824
58.0,5.0,4.3175840377807617,12.543917655944824
58.0,5.0,4.3313922882080078,12.54375171661377
58.0,5.0,4.3313922882080078,12.54375171661377
58.0,5.0,4.3413796424865723,12.543257713317871
58.0,5.0,4.3413796424865723,12.543257713317871
58.0,5.0,4.3512530326843262,12.542798042297363
58.0,5.0,4.3512530326843262,12.542798042297363
58.0,5.0,4.3612809181213379,12.542200088500977
58.0,5.0,4.3612809181213379,12.542200088500977
58.0,5.0,4.3612809181213379,12.542200088500977
58.0,5.0,4.3722515106201172,12.541355133056641
58.0,5.0,4.3722515106201172,12.541355133056641
58.0,5.0,4.3722515106201172,12.541355133056641
58.0,5.0,4.3864612579345703,12.54039192199707
58.0,5.0,4.3864612579345703,12.54039192199707
58.0,5.0,4.4015107154846191,12.539928436279297
58.0,5.0,4.4015107154846191,12.539928436279297
58.0,5.0,4.4116463661193848,12.540218353271484
58.0,5.0,4.4116463661193848,12.540218353271484
58.0,5.0,4.4212398529052734,12.540422439575195
58.0,5.0,4.4212398529052734,12.540422439575195
58.0,5.0,4.4313206672668457,12.540590286254883
58.0,5.0,4.4313206672668457,12.540590286254883
58.0,5.0,4.4313206672668457,12.540590286254883
58.0,5.0,4.4411516189575195,12.540607452392578
58.0,5.0,4.4411516189575195,12.540607452392578
58.0,5.0,4.4539089202880859,12.540600776672363
58.0,5.0,4.4539089202880859,12.540600776672363
58.0,5.0,4.4539089202880859,12.540600776672363
58.0,5.0,4.4651575088500977,12.540484428405762
58.0,5.0,4.4651575088500977,12.540484428405762
58.0,5.0,4.4651575088500977,12.540484428405762
58.0,5.0,4.4792556762695312,12.54029655456543
58.0,5.0,4.4792556762695312,12.54029655456543
58.0,5.0,4.4792556762695312,12.54029655456543
58.0,5.0,4.4792556762695312,12.54029655456543
58.0,5.0,4.4933533668518066,12.540074348449707
58.0,5.0,4.4933533668518066,12.540074348449707
58.0,5.0,4.4933533668518066,12.540074348449707
58.0,5.0,4.5089306831359863,12.539828300476074
58.0,5.0,4.5089306831359863,12.539828300476074
58.0,5.0,4.5248761177062988,12.539590835571289
58.0,5.0,4.5248761177062988,12.539590835571289
58.0,5.0,4.5248761177062988,12.539590835571289
58.0,5.0,4.5354084968566895,12.539420127868652
58.0,5.0,4.5354084968566895,12.539420127868652
58.0,5.0,4.5354084968566895,12.539420127868652
58.0,5.0,4.5505518913269043,12.539179801940918
58.0,5.0,4.5505518913269043,12.539179801940918
58.0,5.0,4.5505518913269043,12.539179801940918
59.0,5.0,4.5654668807983398,12.539068222045898
59.0,5.0,4.5654668807983398,12.539068222045898
59.0,5.0,4.5654668807983398,12.539068222045898
59.0,5.0,4.5654668807983398,12.539068222045898
59.0,5.0,4.5816512107849121,12.538876533508301
59.0,5.0,4.5816512107849121,12.538876533508301
59.0,5.0,4.5990777015686035,12.538586616516113
59.0,5.0,4.5990777015686035,12.538586616516113
59.0,5.0,4.5990777015686035,12.538586616516113
59.0,5.0,4.6103296279907227,12.538399696350098
59.0,5.0,4.6103296279907227,12.538399696350098
59.0,5.0,4.6103296279907227,12.538399696350098
59.0,5.0,4.6103296279907227,12.538399696350098
80.0,4.0,22.531368255615234,4.372917652130127
80.0,4.0,22.531368255615234,4.372917652130127
80.0,4.0,22.530384063720703,4.3830065727233887
80.0,4.0,22.530384063720703,4.3830065727233887
80.0,4.0,22.529277801513672,4.3931779861450195
80.0,4.0,22.529277801513672,4.3931779861450195
80.0,4.0,22.528547286987305,4.4040536880493164
81.0,4.0,22.528547286987305,4.4040536880493164
81.0,4.0,22.527957916259766,4.4141144752502441
81.0,4.0,22.527957916259766,4.4141144752502441
81.0,4.0,22.527475357055664,4.4234557151794434
81.0,4.0,22.527475357055664,4.4234557151794434
81.0,4.0,22.527002334594727,4.4333090782165527
81.0,4.0,22.527002334594727,4.4333090782165527
81.0,4.0,22.52647590637207,4.4434633255004883
81.0,4.0,22.52647590637207,4.4434633255004883
81.0,4.0,22.525960922241211,4.4536738395690918
81.0,4.0,22.525960922241211,4.4536738395690918
81.0,4.0,22.525644302368164,4.4627838134765625
81.0,4.0,22.525644302368164,4.4627838134765625
81.0,4.0,22.525358200073242,4.4724626541137695
81.0,4.0,22.525358200073242,4.4724626541137695
81.0,4.0,22.525094985961914,4.4820308685302734
81.0,4.0,22.525094985961914,4.4820308685302734
81.0,4.0,22.524826049804688,4.4908876419067383
81.0,4.0,22.524826049804688,4.4908876419067383
81.0,4.0,22.524520874023438,4.4998736381530762
81.0,4.0,22.524520874023438,4.4998736381530762
81.0,4.0,22.524181365966797,4.5091385841369629
81.0,4.0,22.524181365966797,4.5091385841369629
81.0,4.0,22.523839950561523,4.5185880661010742
81.0,4.0,22.523839950561523,4.5185880661010742
81.0,4.0,22.523550033569336,4.527656078338623
81.0,4.0,22.523550033569336,4.527656078338623
81.0,4.0,22.523279190063477,4.5367727279663086
81.0,4.0,22.523279190063477,4.5367727279663086
81.0,4.0,22.523000717163086,4.5460653305053711
81.0,4.0,22.523000717163086,4.5460653305053711
81.0,4.0,22.522754669189453,4.5553326606750488
81.0,4.0,22.522754669189453,4.5553326606750488
81.0,4.0,22.522571563720703,4.5648059844970703
81.0,4.0,22.522571563720703,4.5648059844970703
81.0,4.0,22.5224609375,4.5746502876281738
81.0,4.0,22.5224609375,4.5746502876281738
81.0,4.0,22.522426605224609,4.5847134590148926
81.0,4.0,22.522426605224609,4.5847134590148926
81.0,4.0,22.522552490234375,4.5946917533874512
81.0,4.0,22.522552490234375,4.5946917533874512
81.0,4.0,22.522943496704102,4.6047515869140625
81.0,4.0,22.522943496704102,4.6047515869140625
81.0,4.0,22.523303985595703,4.6150236129760742
81.0,4.0,22.523303985595703,4.6150236129760742
81.0,4.0,22.523651123046875,4.6250710487365723
81.0,4.0,22.523651123046875,4.6250710487365723
81.0,4.0,22.524133682250977,4.6354823112487793
81.0,4.0,22.524133682250977,4.6354823112487793
81.0,4.0,22.524456024169922,4.6450276374816895
81.0,4.0,22.524456024169922,4.6450276374816895
81.0,4.0,22.524745941162109,4.6548843383789062
81.0,4.0,22.524745941162109,4.6548843383789062
81.0,4.0,22.525022506713867,4.664670467376709
81.0,4.0,22.525022506713867,4.664670467376709
81.0,4.0,22.52520751953125,4.6743950843811035
81.0,4.0,22.52520751953125,4.6743950843811035
81.0,4.0,22.525335311889648,4.6842012405395508
81.0,4.0,22.525335311889648,4.6842012405395508
81.0,4.0,22.525409698486328,4.6936459541320801
81.0,4.0,22.525409698486328,4.6936459541320801
81.0,4.0,22.525489807128906,4.7031841278076172
81.0,4.0,22.525489807128906,4.7031841278076172
81.0,4.0,22.52556037902832,4.7130537033081055
81.0,4.0,22.52556037902832,4.7130537033081055
81.0,4.0,22.52556037902832,4.7130537033081055
81.0,4.0,22.525640487670898,4.7235846519470215
81.0,4.0,22.525699615478516,4.7330574989318848
81.0,4.0,22.525699615478516,4.7330574989318848
81.0,4.0,22.525716781616211,4.7412748336791992
81.0,4.0,22.525716781616211,4.7412748336791992
81.0,4.0,22.525701522827148,4.7496814727783203
81.0,4.0,22.525701522827148,4.7496814727783203
81.0,4.0,22.525657653808594,4.7588415145874023
81.0,4.0,22.525657653808594,4.7588415145874023
81.0,4.0,22.525569915771484,4.7681479454040527
81.0,4.0,22.525569915771484,4.7681479454040527
81.0,4.0,22.525440216064453,4.7776741981506348
81.0,4.0,22.525440216064453,4.7776741981506348
81.0,4.0,22.525306701660156,4.7875509262084961
81.0,4.0,22.525306701660156,4.7875509262084961
81.0,4.0,22.52513313293457,4.7971949577331543
81.0,4.0,22.52513313293457,4.7971949577331543
81.0,4.0,22.524894714355469,4.8068723678588867
81.0,4.0,22.524894714355469,4.8068723678588867
81.0,4.0,22.524667739868164,4.8170099258422852
81.0,4.0,22.524667739868164,4.8170099258422852
81.0,4.0,22.524362564086914,4.8271431922912598
81.0,4.0,22.524362564086914,4.8271431922912598
93.0,2.0,2.183314323425293,4.8071708679199219
93.0,2.0,2.183314323425293,4.8071708679199219
93.0,2.0,2.1834249496459961,4.8159494400024414
93.0,2.0,2.1834249496459961,4.8159494400024414
93.0,2.0,2.1834249496459961,4.8159494400024414
98.0,1.0,20.765232086181641,16.159027099609375
98.0,1.0,20.765232086181641,16.159027099609375
98.0,1.0,20.765232086181641,16.159027099609375
98.0,1.0,20.758779525756836,16.158943176269531
98.0,1.0,20.758779525756836,16.158943176269531
98.0,1.0,20.758779525756836,16.158943176269531
98.0,1.0,20.752038955688477,16.158855438232422
98.0,1.0,20.752038955688477,16.158855438232422
98.0,1.0,20.752038955688477,16.158855438232422
98.0,1.0,20.745361328125,16.158767700195312
98.0,1.0,20.745361328125,16.158767700195312
98.0,1.0,20.745361328125,16.158767700195312
98.0,1.0,20.738771438598633,16.158681869506836
98.0,1.0,20.738771438598633,16.158681869506836
98.0,1.0,20.738771438598633,16.158681869506836
98.0,1.0,20.731967926025391,16.158592224121094
98.0,1.0,20.731967926025391,16.158592224121094
98.0,1.0,20.731967926025391,16.158592224121094
98.0,1.0,20.724855422973633,16.158498764038086
98.0,1.0,20.724855422973633,16.158498764038086
98.0,1.0,20.724855422973633,16.158498764038086
125.0,2.0,2.2638235092163086,11.17729663848877
125.0,2.0,2.2638235092163086,11.17729663848877
125.0,2.0,2.2638235092163086,11.17729663848877
125.0,2.0,2.2638792991638184,11.181719779968262
125.0,2.0,2.2638792991638184,11.181719779968262
125.0,2.0,2.2639369964599609,11.186272621154785
125.0,2.0,2.2639369964599609,11.186272621154785
125.0,2.0,2.2639956474304199,11.190921783447266
125.0,2.0,2.2639956474304199,11.190921783447266
125.0,2.0,2.2639956474304199,11.190921783447266
125.0,2.0,2.2639956474304199,11.190921783447266
125.0,2.0,2.2640771865844727,11.197356224060059
125.0,2.0,2.2640771865844727,11.197356224060059
125.0,2.0,2.2641630172729492,11.204142570495605
125.0,2.0,2.2641630172729492,11.204142570495605
125.0,2.0,2.2642192840576172,11.208578109741211
125.0,2.0,2.2642192840576172,11.208578109741211
125.0,2.0,2.2642793655395508,11.213305473327637
125.0,2.0,2.2642793655395508,11.213305473327637
125.0,2.0,2.2643318176269531,11.217470169067383
125.0,2.0,2.2643318176269531,11.217470169067383
125.0,2.0,2.2643899917602539,11.222094535827637
125.0,2.0,2.2643899917602539,11.222094535827637
125.0,2.0,2.2643899917602539,11.222094535827637
125.0,2.0,2.2643899917602539,11.222094535827637
125.0,2.0,2.264470100402832,11.228453636169434
125.0,2.0,2.264470100402832,11.228453636169434
125.0,2.0,2.2645597457885742,11.235569000244141
125.0,2.0,2.2645597457885742,11.235569000244141
125.0,2.0,2.2646126747131348,11.239750862121582
125.0,2.0,2.2646126747131348,11.239750862121582
125.0,2.0,2.2646703720092773,11.244312286376953
125.0,2.0,2.2646703720092773,11.244312286376953
125.0,2.0,2.2647271156311035,11.248809814453125
125.0,2.0,2.2647271156311035,11.248809814453125
125.0,2.0,2.2647271156311035,11.248809814453125
125.0,2.0,2.2647838592529297,11.253320693969727
125.0,2.0,2.2647838592529297,11.253320693969727
125.0,2.0,2.2647838592529297,11.253320693969727
125.0,2.0,2.2648735046386719,11.260425567626953
125.0,2.0,2.2648735046386719,11.260425567626953
125.0,2.0,2.2649555206298828,11.266921043395996
125.0,2.0,2.2649555206298828,11.266921043395996
125.0,2.0,2.2650136947631836,11.271551132202148
125.0,2.0,2.2650136947631836,11.271551132202148
125.0,2.0,2.2650690078735352,11.275913238525391
125.0,2.0,2.2650690078735352,11.275913238525391
125.0,2.0,2.2651281356811523,11.280567169189453
125.0,2.0,2.2651281356811523,11.280567169189453
125.0,2.0,2.2651815414428711,11.284783363342285
125.0,2.0,2.2651815414428711,11.284783363342285
125.0,2.0,2.2652378082275391,11.289259910583496
125.0,2.0,2.2652378082275391,11.289259910583496
125.0,2.0,2.2652935981750488,11.293670654296875
125.0,2.0,2.2652935981750488,11.293670654296875
125.0,2.0,2.265350341796875,11.298161506652832
125.0,2.0,2.265350341796875,11.298161506652832
125.0,2.0,2.2654070854187012,11.302650451660156
125.0,2.0,2.2654070854187012,11.302650451660156
143.0,4.0,24.404512405395508,7.5136637687683105
143.0,4.0,24.404512405395508,7.5136637687683105
143.0,4.0,24.404512405395508,7.5136637687683105
143.0,4.0,24.392267227172852,7.5135774612426758
143.0,4.0,24.392267227172852,7.5135774612426758
143.0,4.0,24.378732681274414,7.5134153366088867
143.0,4.0,24.378732681274414,7.5134153366088867
143.0,4.0,24.368581771850586,7.5133247375488281
143.0,4.0,24.368581771850586,7.5133247375488281
143.0,4.0,24.358737945556641,7.5133485794067383
143.0,4.0,24.358737945556641,7.5133485794067383
143.0,4.0,24.358737945556641,7.5133485794067383
143.0,4.0,24.348209381103516,7.5133810043334961
143.0,4.0,24.348209381103516,7.5133810043334961
143.0,4.0,24.348209381103516,7.5133810043334961
143.0,4.0,24.333654403686523,7.5134272575378418
143.0,4.0,24.333654403686523,7.5134272575378418
143.0,4.0,24.320016860961914,7.5133962631225586
143.0,4.0,24.320016860961914,7.5133962631225586
143.0,4.0,24.310710906982422,7.5133161544799805
143.0,4.0,24.310710906982422,7.5133161544799805
143.0,4.0,24.301216125488281,7.5132355690002441
143.0,4.0,24.301216125488281,7.5132355690002441
143.0,4.0,24.292123794555664,7.5131793022155762
143.0,4.0,24.292123794555664,7.5131793022155762
143.0,4.0,24.292123794555664,7.5131793022155762
143.0,4.0,24.281404495239258,7.5131063461303711
143.0,4.0,24.281404495239258,7.5131063461303711
143.0,4.0,24.281404495239258,7.5131063461303711
143.0,4.0,24.267997741699219,7.513033390045166
143.0,4.0,24.267997741699219,7.513033390045166
143.0,4.0,24.254701614379883,7.5130891799926758
143.0,4.0,24.254701614379883,7.5130891799926758
143.0,4.0,24.244499206542969,7.5132284164428711
143.0,4.0,24.244499206542969,7.5132284164428711
143.0,4.0,24.235212326049805,7.5133914947509766
143.0,4.0,24.235212326049805,7.5133914947509766
143.0,4.0,24.224967956542969,7.5137853622436523
143.0,4.0,24.224967956542969,7.5137853622436523
143.0,4.0,24.224967956542969,7.5137853622436523
143.0,4.0,24.213804244995117,7.5143756866455078
143.0,4.0,24.213804244995117,7.5143756866455078
143.0,4.0,24.213804244995117,7.5143756866455078
143.0,4.0,24.198480606079102,7.515172004699707
143.0,4.0,24.198480606079102,7.515172004699707
143.0,4.0,24.184011459350586,7.5161619186401367
143.0,4.0,24.184011459350586,7.5161619186401367
143.0,4.0,24.174110412597656,7.5166478157043457
143.0,4.0,24.174110412597656,7.5166478157043457
143.0,4.0,24.163766860961914,7.5171356201171875
143.0,4.0,24.163766860961914,7.5171356201171875
143.0,4.0,24.153766632080078,7.5175704956054688
143.0,4.0,24.153766632080078,7.5175704956054688
143.0,4.0,24.153766632080078,7.5175704956054688
143.0,4.0,24.142658233642578,7.5178966522216797
143.0,4.0,24.142658233642578,7.5178966522216797
143.0,4.0,24.142658233642578,7.5178966522216797
143.0,4.0,24.128293991088867,7.5182709693908691
143.0,4.0,24.128293991088867,7.5182709693908691
143.0,4.0,24.11431884765625,7.5186829566955566
143.0,4.0,24.11431884765625,7.5186829566955566
143.0,4.0,24.105047225952148,7.5188970565795898
143.0,4.0,24.105047225952148,7.5188970565795898
143.0,4.0,24.095809936523438,7.5191054344177246
143.0,4.0,24.095809936523438,7.5191054344177246
143.0,4.0,24.086957931518555,7.519279956817627
143.0,4.0,24.086957931518555,7.519279956817627
143.0,4.0,24.086957931518555,7.519279956817627
143.0,4.0,24.077062606811523,7.5193982124328613
143.0,4.0,24.077062606811523,7.5193982124328613
143.0,4.0,24.077062606811523,7.5193982124328613
143.0,4.0,24.063879013061523,7.5195527076721191
143.0,4.0,24.063879013061523,7.5195527076721191
143.0,4.0,24.05042839050293,7.5196847915649414
143.0,4.0,24.05042839050293,7.5196847915649414
143.0,4.0,24.040525436401367,7.5196990966796875
143.0,4.0,24.040525436401367,7.5196990966796875
143.0,4.0,24.040525436401367,7.5196990966796875
143.0,4.0,24.030435562133789,7.5197076797485352
143.0,4.0,24.030435562133789,7.5197076797485352
143.0,4.0,24.020030975341797,7.5196647644042969
143.0,4.0,24.020030975341797,7.5196647644042969
143.0,4.0,24.020030975341797,7.5196647644042969
143.0,4.0,24.008417129516602,7.5195093154907227
143.0,4.0,24.008417129516602,7.5195093154907227
143.0,4.0,24.008417129516602,7.5195093154907227
143.0,4.0,23.992183685302734,7.5193533897399902
143.0,4.0,23.992183685302734,7.5193533897399902
144.0,4.0,23.979368209838867,7.5190234184265137
144.0,4.0,23.979368209838867,7.5190234184265137
144.0,4.0,23.969053268432617,7.5188217163085938
144.0,4.0,23.969053268432617,7.5188217163085938
144.0,4.0,23.958597183227539,7.5186505317687988
144.0,4.0,23.958597183227539,7.5186505317687988
144.0,4.0,23.948820114135742,7.5184817314147949
144.0,4.0,23.948820114135742,7.5184817314147949
144.0,4.0,23.948820114135742,7.5184817314147949
144.0,1.0,17.719310760498047,22.1395263671875
144.0,4.0,23.937953948974609,7.5181903839111328
144.0,1.0,17.719310760498047,22.1395263671875
144.0,4.0,23.937953948974609,7.5181903839111328
144.0,1.0,17.719310760498047,22.1395263671875
144.0,4.0,23.937953948974609,7.5181903839111328
144.0,1.0,17.719310760498047,22.146007537841797
144.0,1.0,17.719310760498047,22.146007537841797
144.0,1.0,17.719310760498047,22.153020858764648
144.0,1.0,17.719310760498047,22.153020858764648
144.0,1.0,17.719310760498047,22.157356262207031
144.0,1.0,17.719310760498047,22.157356262207031
144.0,1.0,17.719310760498047,22.161905288696289
144.0,1.0,17.719310760498047,22.161905288696289
144.0,1.0,17.719310760498047,22.166223526000977
144.0,1.0,17.719310760498047,22.166223526000977
144.0,1.0,17.719310760498047,22.166223526000977
151.0,1.0,17.719310760498047,23.714393615722656
151.0,1.0,17.719310760498047,23.714393615722656
151.0,1.0,17.719310760498047,23.719085693359375
152.0,1.0,17.719310760498047,23.719085693359375
152.0,1.0,17.719310760498047,23.723308563232422
152.0,1.0,17.719310760498047,23.723308563232422
152.0,1.0,17.719310760498047,23.723308563232422
152.0,1.0,17.719310760498047,23.727828979492188
152.0,1.0,17.719310760498047,23.732793807983398
152.0,1.0,17.719310760498047,23.732793807983398
152.0,1.0,17.719310760498047,23.73701286315918
152.0,1.0,17.719310760498047,23.73701286315918
152.0,1.0,17.719310760498047,23.74122428894043
152.0,1.0,17.719310760498047,23.74122428894043
152.0,1.0,17.719310760498047,23.745887756347656
152.0,1.0,17.719310760498047,23.745887756347656
152.0,1.0,17.719310760498047,23.750181198120117
152.0,1.0,17.719310760498047,23.750181198120117
152.0,1.0,17.719310760498047,23.754669189453125
152.0,1.0,17.719310760498047,23.754669189453125
152.0,1.0,17.719310760498047,23.759225845336914
152.0,1.0,17.719310760498047,23.759225845336914
152.0,1.0,17.719310760498047,23.76356315612793
152.0,1.0,17.719310760498047,23.76356315612793
152.0,1.0,17.719310760498047,23.768087387084961
152.0,1.0,17.719310760498047,23.768087387084961
152.0,1.0,17.719310760498047,23.772575378417969
152.0,1.0,17.719310760498047,23.772575378417969
152.0,1.0,17.719310760498047,23.772575378417969
152.0,1.0,17.719310760498047,23.777009963989258
152.0,1.0,17.719310760498047,23.781497955322266
152.0,1.0,17.719310760498047,23.781497955322266
152.0,1.0,17.719310760498047,23.781497955322266
152.0,1.0,17.719310760498047,23.785911560058594
152.0,1.0,17.719310760498047,23.785911560058594
152.0,1.0,17.719310760498047,23.790422439575195
152.0,1.0,17.719310760498047,23.790422439575195
152.0,1.0,17.719310760498047,23.794952392578125
152.0,1.0,17.719310760498047,23.794952392578125
152.0,1.0,17.719310760498047,23.799343109130859
152.0,1.0,17.719310760498047,23.799343109130859
152.0,1.0,17.719310760498047,23.803781509399414
152.0,1.0,17.719310760498047,23.803781509399414
152.0,1.0,17.719310760498047,23.80876350402832
152.0,1.0,17.719310760498047,23.80876350402832
152.0,1.0,17.719310760498047,23.812728881835938
152.0,1.0,17.719310760498047,23.812728881835938
152.0,1.0,17.719310760498047,23.817276000976562
152.0,1.0,17.719310760498047,23.817276000976562
152.0,1.0,17.719310760498047,23.821792602539062
152.0,1.0,17.719310760498047,23.821792602539062
152.0,1.0,17.719310760498047,23.826316833496094
152.0,1.0,17.719310760498047,23.826316833496094
152.0,1.0,17.719310760498047,23.83064079284668
152.0,1.0,17.719310760498047,23.83064079284668
152.0,1.0,17.719310760498047,23.835138320922852
152.0,1.0,17.719310760498047,23.835138320922852
152.0,1.0,17.719310760498047,23.839563369750977
152.0,1.0,17.719310760498047,23.839563369750977
152.0,1.0,17.719310760498047,23.844017028808594
152.0,1.0,17.719310760498047,23.844017028808594
152.0,1.0,17.719310760498047,23.848630905151367
152.0,1.0,17.719310760498047,23.848630905151367
152.0,1.0,17.719310760498047,23.853042602539062
152.0,1.0,17.719310760498047,23.853042602539062
152.0,1.0,17.719310760498047,23.857505798339844
152.0,1.0,17.719310760498047,23.857505798339844
152.0,1.0,17.719310760498047,23.861991882324219
152.0,1.0,17.719310760498047,23.861991882324219
152.0,1.0,17.719310760498047,23.866603851318359
152.0,1.0,17.719310760498047,23.866603851318359
152.0,1.0,17.719310760498047,23.870834350585938
152.0,1.0,17.719310760498047,23.870834350585938
152.0,1.0,17.719310760498047,23.875215530395508
152.0,1.0,17.719310760498047,23.875215530395508
152.0,1.0,17.719310760498047,23.879724502563477
152.0,1.0,17.719310760498047,23.879724502563477
152.0,1.0,17.719310760498047,23.884254455566406
152.0,1.0,17.719310760498047,23.884254455566406
152.0,1.0,17.719310760498047,23.8887939453125
152.0,1.0,17.719310760498047,23.8887939453125
152.0,1.0,17.719310760498047,23.893192291259766
152.0,1.0,17.719310760498047,23.893192291259766
152.0,1.0,17.719310760498047,23.897665023803711
152.0,1.0,17.719310760498047,23.897665023803711
152.0,1.0,17.719310760498047,23.902233123779297
152.0,1.0,17.719310760498047,23.902233123779297
153.0,1.0,17.719310760498047,24.071941375732422
153.0,1.0,17.719310760498047,24.071941375732422
153.0,1.0,17.719310760498047,24.076496124267578
153.0,1.0,17.719310760498047,24.076496124267578
153.0,1.0,17.719310760498047,24.080896377563477
153.0,1.0,17.719310760498047,24.080896377563477
153.0,1.0,17.719310760498047,24.085245132446289
153.0,1.0,17.719310760498047,24.085245132446289
153.0,1.0,17.719310760498047,24.089740753173828
153.0,1.0,17.719310760498047,24.089740753173828
153.0,1.0,17.719310760498047,24.094253540039062
153.0,1.0,17.719310760498047,24.094253540039062
153.0,1.0,17.719310760498047,24.098730087280273
153.0,1.0,17.719310760498047,24.098730087280273
153.0,1.0,17.719310760498047,24.103189468383789
153.0,1.0,17.719310760498047,24.103189468383789
153.0,1.0,17.719310760498047,24.107662200927734
153.0,1.0,17.719310760498047,24.107662200927734
153.0,1.0,17.719310760498047,24.112087249755859
153.0,1.0,17.719310760498047,24.112087249755859
153.0,1.0,17.719310760498047,24.116487503051758
153.0,1.0,17.719310760498047,24.116487503051758
154.0,1.0,17.719310760498047,24.120996475219727
154.0,1.0,17.719310760498047,24.120996475219727
154.0,1.0,17.719310760498047,24.120996475219727
154.0,1.0,17.719310760498047,24.125497817993164
154.0,1.0,17.719310760498047,24.125497817993164
154.0,1.0,17.719310760498047,24.130460739135742
154.0,1.0,17.719310760498047,24.134916305541992
154.0,1.0,17.719310760498047,24.134916305541992
154.0,1.0,17.719310760498047,24.139011383056641
154.0,1.0,17.719310760498047,24.139011383056641
154.0,1.0,17.719310760498047,24.143404006958008
154.0,1.0,17.719310760498047,24.143404006958008
154.0,1.0,17.719310760498047,24.147970199584961
154.0,1.0,17.719310760498047,24.147970199584961
154.0,1.0,17.719310760498047,24.152374267578125
154.0,1.0,17.719310760498047,24.152374267578125
154.0,1.0,17.719310760498047,24.156906127929688
154.0,1.0,17.719310760498047,24.156906127929688
154.0,1.0,17.719310760498047,24.161296844482422
154.0,1.0,17.719310760498047,24.161296844482422
154.0,1.0,17.719310760498047,24.165824890136719
154.0,1.0,17.719310760498047,24.165824890136719
154.0,1.0,17.719310760498047,24.170225143432617
154.0,1.0,17.719310760498047,24.170225143432617
154.0,1.0,17.719310760498047,24.174724578857422
154.0,1.0,17.719310760498047,24.174724578857422
154.0,1.0,17.719310760498047,24.179170608520508
154.0,1.0,17.719310760498047,24.179170608520508
154.0,1.0,17.719310760498047,24.183643341064453
154.0,1.0,17.719310760498047,24.183643341064453
154.0,1.0,17.719310760498047,24.183643341064453
154.0,1.0,17.719310760498047,24.188051223754883
154.0,1.0,17.719310760498047,24.188051223754883
154.0,1.0,17.719310760498047,24.192609786987305
154.0,1.0,17.719310760498047,24.192609786987305
154.0,1.0,17.719310760498047,24.19703483581543
154.0,1.0,17.719310760498047,24.19703483581543
154.0,1.0,17.719310760498047,24.201570510864258
154.0,1.0,17.719310760498047,24.201570510864258
154.0,1.0,17.719310760498047,24.205928802490234
154.0,1.0,17.719310760498047,24.205928802490234
154.0,1.0,17.719310760498047,24.210542678833008
154.0,1.0,17.719310760498047,24.210542678833008
154.0,1.0,17.719310760498047,24.214900970458984
154.0,1.0,17.719310760498047,24.214900970458984
155.0,3.0,17.729312896728516,18.054615020751953
155.0,3.0,17.729312896728516,18.054615020751953
155.0,3.0,17.729312896728516,18.050247192382812
155.0,3.0,17.729312896728516,18.050247192382812
155.0,3.0,17.729312896728516,18.045743942260742
155.0,3.0,17.729312896728516,18.045743942260742
155.0,3.0,17.729312896728516,18.041221618652344
156.0,3.0,17.729312896728516,18.041221618652344
156.0,3.0,17.729312896728516,18.03668212890625
156.0,3.0,17.729312896728516,18.03668212890625
156.0,3.0,17.729312896728516,18.032318115234375
156.0,3.0,17.729312896728516,18.032318115234375
156.0,3.0,17.729312896728516,18.027690887451172
156.0,3.0,17.729312896728516,18.027690887451172
156.0,3.0,17.729312896728516,18.023303985595703
156.0,3.0,17.729312896728516,18.023303985595703
156.0,3.0,17.729312896728516,18.018854141235352
156.0,3.0,17.729312896728516,18.018854141235352
156.0,3.0,17.729312896728516,18.014284133911133
156.0,3.0,17.729312896728516,18.014284133911133
156.0,3.0,17.729312896728516,18.010025024414062
156.0,3.0,17.729312896728516,18.010025024414062
156.0,3.0,17.729312896728516,18.005577087402344
156.0,3.0,17.729312896728516,18.005577087402344
156.0,3.0,17.729312896728516,18.000980377197266
156.0,3.0,17.729312896728516,18.000980377197266
156.0,3.0,17.729312896728516,18.000980377197266
156.0,3.0,17.729312896728516,17.9967041015625
156.0,3.0,17.729312896728516,17.991815567016602
156.0,3.0,17.729312896728516,17.991815567016602
156.0,3.0,17.729312896728516,17.987648010253906
156.0,3.0,17.729312896728516,17.987648010253906
156.0,3.0,17.729312896728516,17.983160018920898
156.0,3.0,17.729312896728516,17.983160018920898
156.0,3.0,17.729312896728516,17.983160018920898
156.0,3.0,17.729312896728516,17.978591918945312
156.0,3.0,17.729312896728516,17.974004745483398
156.0,3.0,17.729312896728516,17.974004745483398
156.0,3.0,17.729312896728516,17.969802856445312
156.0,3.0,17.729312896728516,17.969802856445312
156.0,3.0,17.729312896728516,17.965295791625977
156.0,3.0,17.729312896728516,17.965295791625977
156.0,3.0,17.729312896728516,17.965295791625977
156.0,3.0,17.729312896728516,17.960914611816406
156.0,3.0,17.729312896728516,17.960914611816406
156.0,3.0,17.729312896728516,17.956293106079102
156.0,3.0,17.729312896728516,17.956293106079102
156.0,3.0,17.729312896728516,17.951740264892578
156.0,3.0,17.729312896728516,17.951740264892578
156.0,3.0,17.729312896728516,17.946727752685547
156.0,3.0,17.729312896728516,17.946727752685547
156.0,3.0,17.729312896728516,17.942508697509766
156.0,3.0,17.729312896728516,17.942508697509766
156.0,3.0,17.729312896728516,17.938409805297852
156.0,3.0,17.729312896728516,17.938409805297852
156.0,3.0,17.729312896728516,17.934028625488281
156.0,3.0,17.729312896728516,17.934028625488281
156.0,3.0,17.729312896728516,17.929487228393555
156.0,3.0,17.729312896728516,17.929487228393555
156.0,3.0,17.729312896728516,17.925006866455078
156.0,3.0,17.729312896728516,17.925006866455078
156.0,3.0,17.729312896728516,17.920495986938477
156.0,3.0,17.729312896728516,17.920495986938477
156.0,3.0,17.729312896728516,17.916070938110352
156.0,3.0,17.729312896728516,17.916070938110352
156.0,3.0,17.729312896728516,17.911510467529297
156.0,3.0,17.729312896728516,17.911510467529297
165.0,4.0,17.479694366455078,4.783966064453125
165.0,4.0,17.479694366455078,4.783966064453125
165.0,4.0,17.479694366455078,4.783966064453125
165.0,4.0,17.480012893676758,4.7732906341552734
165.0,4.0,17.480012893676758,4.7732906341552734
165.0,4.0,17.480012893676758,4.7732906341552734
165.0,4.0,17.48036003112793,4.7593188285827637
165.0,4.0,17.48036003112793,4.7593188285827637
165.0,4.0,17.480710983276367,4.7466030120849609
165.0,4.0,17.480710983276367,4.7466030120849609
165.0,4.0,17.480710983276367,4.7466030120849609
165.0,4.0,17.481060028076172,4.7374234199523926
165.0,4.0,17.481060028076172,4.7374234199523926
165.0,4.0,17.481460571289062,4.7276520729064941
165.0,4.0,17.481460571289062,4.7276520729064941
165.0,4.0,17.48179817199707,4.7172970771789551
165.0,4.0,17.48179817199707,4.7172970771789551
165.0,4.0,17.482172012329102,4.7083735466003418
165.0,4.0,17.482172012329102,4.7083735466003418
165.0,4.0,17.482172012329102,4.7083735466003418
165.0,4.0,17.482172012329102,4.7083735466003418
165.0,4.0,17.482671737670898,4.6950926780700684
165.0,4.0,17.482671737670898,4.6950926780700684
165.0,4.0,17.483022689819336,4.6814942359924316
165.0,4.0,17.483022689819336,4.6814942359924316
165.0,4.0,17.483222961425781,4.6714591979980469
165.0,4.0,17.483222961425781,4.6714591979980469
165.0,4.0,17.483371734619141,4.661954402923584
165.0,4.0,17.483371734619141,4.661954402923584
173.0,2.0,6.7561368942260742,16.290292739868164
173.0,2.0,6.7561368942260742,16.290292739868164
173.0,2.0,6.7561368942260742,16.290292739868164
173.0,2.0,6.7628326416015625,16.290187835693359
173.0,2.0,6.7628326416015625,16.290187835693359
173.0,2.0,6.7696390151977539,16.290082931518555
173.0,2.0,6.7696390151977539,16.290082931518555
173.0,2.0,6.7696390151977539,16.290082931518555
173.0,2.0,6.7740793228149414,16.290014266967773
173.0,2.0,6.7787837982177734,16.289941787719727
173.0,2.0,6.7787837982177734,16.289941787719727
173.0,2.0,6.7831234931945801,16.289875030517578
173.0,2.0,6.7831234931945801,16.289875030517578
173.0,2.0,6.7831234931945801,16.289875030517578
173.0,2.0,6.7874422073364258,16.28980827331543
173.0,2.0,6.7874422073364258,16.28980827331543
173.0,2.0,6.7874422073364258,16.28980827331543
173.0,2.0,6.7938108444213867,16.289709091186523
173.0,2.0,6.7938108444213867,16.289709091186523
173.0,2.0,6.8009333610534668,16.28959846496582
173.0,2.0,6.8009333610534668,16.28959846496582
173.0,2.0,6.805422306060791,16.289527893066406
173.0,2.0,6.805422306060791,16.289527893066406
173.0,2.0,6.805422306060791,16.289527893066406
173.0,2.0,6.8098244667053223,16.289459228515625
173.0,2.0,6.8098244667053223,16.289459228515625
173.0,2.0,6.814361572265625,16.289388656616211
173.0,2.0,6.814361572265625,16.289388656616211
173.0,2.0,6.8188076019287109,16.28931999206543
173.0,2.0,6.8188076019287109,16.28931999206543
173.0,2.0,6.8188076019287109,16.28931999206543
173.0,2.0,6.8188076019287109,16.28931999206543
173.0,2.0,6.8252830505371094,16.289218902587891
173.0,2.0,6.8321080207824707,16.289112091064453
173.0,2.0,6.8321080207824707,16.289112091064453
173.0,2.0,6.8321080207824707,16.289112091064453
173.0,2.0,6.8365044593811035,16.289043426513672
173.0,2.0,6.8365044593811035,16.289043426513672
173.0,2.0,6.8410496711730957,16.288972854614258
173.0,2.0,6.8410496711730957,16.288972854614258
173.0,2.0,6.8455815315246582,16.288902282714844
173.0,2.0,6.8455815315246582,16.288902282714844
173.0,2.0,6.8455815315246582,16.288902282714844
186.0,3.0,13.901573181152344,17.839059829711914
186.0,3.0,13.901573181152344,17.839059829711914
187.0,3.0,13.89708423614502,17.839059829711914
187.0,3.0,13.89708423614502,17.839059829711914
187.0,3.0,13.89263916015625,17.839059829711914
187.0,3.0,13.89263916015625,17.839059829711914
187.0,3.0,13.888154029846191,17.839059829711914
187.0,3.0,13.888154029846191,17.839059829711914
187.0,3.0,13.883498191833496,17.839059829711914
187.0,3.0,13.883498191833496,17.839059829711914
187.0,3.0,13.879009246826172,17.839059829711914
187.0,3.0,13.879009246826172,17.839059829711914
187.0,3.0,13.874645233154297,17.839059829711914
187.0,3.0,13.874645233154297,17.839059829711914
187.0,3.0,13.869244575500488,17.839059829711914
187.0,3.0,13.869244575500488,17.839059829711914
187.0,3.0,13.865579605102539,17.839059829711914
187.0,3.0,13.865579605102539,17.839059829711914
187.0,3.0,13.86127758026123,17.839059829711914
187.0,3.0,13.86127758026123,17.839059829711914
187.0,3.0,13.856756210327148,17.839059829711914
187.0,3.0,13.856756210327148,17.839059829711914
187.0,3.0,13.852289199829102,17.839059829711914
187.0,3.0,13.852289199829102,17.839059829711914
187.0,3.0,13.847955703735352,17.839059829711914
187.0,3.0,13.847955703735352,17.839059829711914
187.0,3.0,13.843385696411133,17.839059829711914
187.0,3.0,13.843385696411133,17.839059829711914
187.0,3.0,13.839015007019043,17.839059829711914
187.0,3.0,13.839015007019043,17.839059829711914
187.0,3.0,13.834549903869629,17.839059829711914
187.0,3.0,13.834549903869629,17.839059829711914
187.0,3.0,13.830094337463379,17.839059829711914
187.0,3.0,13.830094337463379,17.839059829711914
188.0,2.0,9.7450027465820312,16.243869781494141
188.0,2.0,9.7497043609619141,16.243797302246094
188.0,2.0,9.7497043609619141,16.243797302246094
188.0,2.0,9.75396728515625,16.243730545043945
188.0,2.0,9.75396728515625,16.243730545043945
188.0,2.0,9.7583990097045898,16.243661880493164
188.0,2.0,9.7583990097045898,16.243661880493164
188.0,2.0,9.7627630233764648,16.243593215942383
188.0,2.0,9.7627630233764648,16.243593215942383
188.0,2.0,9.7627630233764648,16.243593215942383
188.0,2.0,9.7673025131225586,16.243522644042969
188.0,2.0,9.7673025131225586,16.243522644042969
188.0,2.0,9.7719612121582031,16.243450164794922
188.0,2.0,9.7719612121582031,16.243450164794922
188.0,2.0,9.7763633728027344,16.243381500244141
188.0,2.0,9.7806768417358398,16.243314743041992
188.0,2.0,9.7806768417358398,16.243314743041992
188.0,2.0,9.7806768417358398,16.243314743041992
188.0,2.0,9.7850837707519531,16.243246078491211
188.0,2.0,9.7850837707519531,16.243246078491211
188.0,2.0,9.7896833419799805,16.243175506591797
188.0,2.0,9.7896833419799805,16.243175506591797
188.0,2.0,9.7940359115600586,16.243108749389648
188.0,2.0,9.7940359115600586,16.243108749389648
188.0,2.0,9.7985067367553711,16.243040084838867
188.0,2.0,9.7985067367553711,16.243040084838867
188.0,2.0,9.8031435012817383,16.24296760559082
188.0,2.0,9.8031435012817383,16.24296760559082
188.0,2.0,9.807591438293457,16.242898941040039
188.0,2.0,9.807591438293457,16.242898941040039
188.0,2.0,9.8119382858276367,16.242832183837891
188.0,2.0,9.8119382858276367,16.242832183837891
188.0,2.0,9.8164463043212891,16.242761611938477
188.0,2.0,9.8164463043212891,16.242761611938477
188.0,2.0,9.8208856582641602,16.242692947387695
188.0,2.0,9.8208856582641602,16.242692947387695
188.0,2.0,9.8254919052124023,16.242620468139648
188.0,2.0,9.8254919052124023,16.242620468139648
188.0,2.0,9.829829216003418,16.2425537109375
188.0,2.0,9.829829216003418,16.2425537109375
188.0,2.0,9.8342933654785156,16.242485046386719
188.0,2.0,9.8342933654785156,16.242485046386719
188.0,2.0,9.8386964797973633,16.242416381835938
188.0,2.0,9.8386964797973633,16.242416381835938
188.0,2.0,9.8431568145751953,16.242347717285156
188.0,2.0,9.8431568145751953,16.242347717285156
188.0,2.0,9.8477697372436523,16.242275238037109
188.0,2.0,9.8477697372436523,16.242275238037109
188.0,2.0,9.8522377014160156,16.242206573486328
188.0,2.0,9.8522377014160156,16.242206573486328
201.0,3.0,11.017321586608887,17.839059829711914
201.0,3.0,11.017321586608887,17.839059829711914
201.0,3.0,11.012930870056152,17.839059829711914
201.0,3.0,11.012930870056152,17.839059829711914
201.0,3.0,11.008618354797363,17.839059829711914
201.0,3.0,11.008618354797363,17.839059829711914
201.0,3.0,11.004292488098145,17.839059829711914
201.0,3.0,11.004292488098145,17.839059829711914
201.0,3.0,11.004292488098145,17.839059829711914
201.0,3.0,10.999528884887695,17.839059829711914
201.0,3.0,10.999528884887695,17.839059829711914
201.0,3.0,10.999528884887695,17.839059829711914
201.0,2.0,12.398355484008789,16.20265007019043
201.0,3.0,10.993086814880371,17.839059829711914
201.0,2.0,12.398355484008789,16.20265007019043
201.0,3.0,10.993086814880371,17.839059829711914
201.0,2.0,12.405162811279297,16.202545166015625
201.0,3.0,10.986279487609863,17.839059829711914
201.0,2.0,12.405162811279297,16.202545166015625
201.0,3.0,10.986279487609863,17.839059829711914
201.0,2.0,12.40949821472168,16.202478408813477
201.0,3.0,10.98194408416748,17.839059829711914
201.0,2.0,12.40949821472168,16.202478408813477
201.0,3.0,10.98194408416748,17.839059829711914
201.0,2.0,12.414040565490723,16.202407836914062
201.0,3.0,10.977401733398438,17.839059829711914
201.0,2.0,12.414040565490723,16.202407836914062
201.0,3.0,10.977401733398438,17.839059829711914
201.0,2.0,12.418503761291504,16.202339172363281
201.0,3.0,10.972938537597656,17.839059829711914
201.0,2.0,12.418503761291504,16.202339172363281
201.0,3.0,10.972938537597656,17.839059829711914
201.0,2.0,12.418503761291504,16.202339172363281
201.0,3.0,10.972938537597656,17.839059829711914
201.0,2.0,12.42320728302002,16.202266693115234
201.0,3.0,10.968234062194824,17.839059829711914
201.0,2.0,12.42320728302002,16.202266693115234
201.0,3.0,10.968234062194824,17.839059829711914
201.0,2.0,12.42320728302002,16.202266693115234
201.0,3.0,10.968234062194824,17.839059829711914
201.0,3.0,10.962095260620117,17.839059829711914
201.0,3.0,10.962095260620117,17.839059829711914
206.0,6.0,8.1990184783935547,23.434633255004883
206.0,6.0,8.1990184783935547,23.434633255004883
206.0,6.0,8.2140340805053711,23.434009552001953
206.0,6.0,8.2140340805053711,23.434009552001953
206.0,6.0,8.2243032455444336,23.433616638183594
206.0,6.0,8.2243032455444336,23.433616638183594
206.0,6.0,8.2345285415649414,23.43328857421875
206.0,6.0,8.2345285415649414,23.43328857421875
206.0,6.0,8.2448835372924805,23.433036804199219
206.0,6.0,8.2448835372924805,23.433036804199219
206.0,6.0,8.2448835372924805,23.433036804199219
206.0,6.0,8.2544450759887695,23.432804107666016
206.0,6.0,8.2544450759887695,23.432804107666016
206.0,6.0,8.2544450759887695,23.432804107666016
207.0,6.0,8.268925666809082,23.432649612426758
207.0,6.0,8.268925666809082,23.432649612426758
213.0,6.0,10.938276290893555,23.482913970947266
213.0,6.0,10.938276290893555,23.482913970947266
213.0,6.0,10.947797775268555,23.482982635498047
213.0,6.0,10.947797775268555,23.482982635498047
213.0,6.0,10.947797775268555,23.482982635498047
213.0,6.0,10.95695686340332,23.483083724975586
213.0,6.0,10.95695686340332,23.483083724975586
213.0,6.0,10.968311309814453,23.483261108398438
213.0,6.0,10.968311309814453,23.483261108398438
213.0,6.0,10.968311309814453,23.483261108398438
213.0,6.0,10.979823112487793,23.483501434326172
213.0,6.0,10.979823112487793,23.483501434326172
213.0,6.0,10.994203567504883,23.483791351318359
213.0,6.0,10.994203567504883,23.483791351318359
213.0,6.0,11.002933502197266,23.483936309814453
213.0,6.0,11.002933502197266,23.483936309814453
213.0,6.0,11.01243782043457,23.484102249145508
213.0,6.0,11.01243782043457,23.484102249145508
213.0,6.0,11.021580696105957,23.484249114990234
213.0,6.0,11.021580696105957,23.484249114990234
213.0,6.0,11.021580696105957,23.484249114990234
213.0,6.0,11.031124114990234,23.484352111816406
213.0,6.0,11.031124114990234,23.484352111816406
213.0,6.0,11.031124114990234,23.484352111816406
213.0,6.0,11.04522705078125,23.484369277954102
213.0,6.0,11.04522705078125,23.484369277954102
213.0,6.0,11.061047554016113,23.484193801879883
213.0,6.0,11.061047554016113,23.484193801879883
213.0,6.0,11.070732116699219,23.483785629272461
213.0,6.0,11.070732116699219,23.483785629272461
213.0,6.0,11.080953598022461,23.483301162719727
213.0,6.0,11.080953598022461,23.483301162719727
213.0,6.0,11.0911865234375,23.482875823974609
213.0,6.0,11.0911865234375,23.482875823974609
213.0,6.0,11.0911865234375,23.482875823974609
213.0,6.0,11.101649284362793,23.482341766357422
213.0,6.0,11.101649284362793,23.482341766357422
213.0,6.0,11.101649284362793,23.482341766357422
213.0,6.0,11.115785598754883,23.481727600097656
213.0,6.0,11.115785598754883,23.481727600097656
213.0,6.0,11.130813598632812,23.481195449829102
213.0,6.0,11.130813598632812,23.481195449829102
213.0,6.0,11.130813598632812,23.481195449829102
213.0,6.0,11.14067268371582,23.480916976928711
213.0,6.0,11.151007652282715,23.480720520019531
213.0,6.0,11.151007652282715,23.480720520019531
213.0,6.0,11.160427093505859,23.480596542358398
213.0,6.0,11.160427093505859,23.480596542358398
213.0,6.0,11.160427093505859,23.480596542358398
213.0,6.0,11.169558525085449,23.480491638183594
213.0,6.0,11.169558525085449,23.480491638183594
213.0,6.0,11.169558525085449,23.480491638183594
213.0,6.0,11.182897567749023,23.480342864990234
213.0,6.0,11.182897567749023,23.480342864990234
213.0,6.0,11.197871208190918,23.480216979980469
213.0,6.0,11.197871208190918,23.480216979980469
213.0,6.0,11.206843376159668,23.480175018310547
213.0,6.0,11.206843376159668,23.480175018310547
213.0,6.0,11.216188430786133,23.480165481567383
213.0,6.0,11.216188430786133,23.480165481567383
213.0,6.0,11.225089073181152,23.480195999145508
213.0,6.0,11.225089073181152,23.480195999145508
213.0,6.0,11.225089073181152,23.480195999145508
213.0,6.0,11.225089073181152,23.480195999145508
213.0,6.0,11.234112739562988,23.480268478393555
213.0,6.0,11.234112739562988,23.480268478393555
213.0,6.0,11.250114440917969,23.480487823486328
213.0,6.0,11.250114440917969,23.480487823486328
213.0,6.0,11.263097763061523,23.48069953918457
213.0,6.0,11.263097763061523,23.48069953918457
213.0,6.0,11.272981643676758,23.48094367980957
213.0,6.0,11.272981643676758,23.48094367980957
213.0,6.0,11.282863616943359,23.481199264526367
213.0,6.0,11.282863616943359,23.481199264526367
213.0,6.0,11.282863616943359,23.481199264526367
213.0,6.0,11.292905807495117,23.481475830078125
213.0,6.0,11.292905807495117,23.481475830078125
214.0,6.0,11.303308486938477,23.481924057006836
214.0,6.0,11.303308486938477,23.481924057006836
214.0,6.0,11.303308486938477,23.481924057006836
214.0,6.0,11.303308486938477,23.481924057006836
214.0,6.0,11.317995071411133,23.482507705688477
214.0,6.0,11.317995071411133,23.482507705688477
214.0,6.0,11.333480834960938,23.483049392700195
214.0,6.0,11.333480834960938,23.483049392700195
214.0,6.0,11.344301223754883,23.483484268188477
214.0,6.0,11.344301223754883,23.483484268188477
214.0,6.0,11.354819297790527,23.483930587768555
214.0,6.0,11.354819297790527,23.483930587768555
214.0,6.0,11.36369800567627,23.484203338623047
214.0,6.0,11.36369800567627,23.484203338623047
214.0,6.0,11.373649597167969,23.484477996826172
214.0,6.0,11.373649597167969,23.484477996826172
214.0,6.0,11.373649597167969,23.484477996826172
214.0,6.0,11.373649597167969,23.484477996826172
214.0,6.0,11.402285575866699,23.485441207885742
214.0,6.0,11.402285575866699,23.485441207885742
219.0,6.0,13.787490844726562,23.479362487792969
219.0,6.0,13.787490844726562,23.479362487792969
220.0,3.0,11.929311752319336,21.292318344116211
220.0,3.0,11.929311752319336,21.292318344116211
220.0,3.0,11.929311752319336,21.292318344116211
224.0,6.0,15.764044761657715,23.481760025024414
224.0,6.0,15.764044761657715,23.481760025024414
224.0,6.0,15.773532867431641,23.481891632080078
224.0,6.0,15.773532867431641,23.481891632080078
224.0,6.0,15.773532867431641,23.481891632080078
224.0,6.0,15.78269100189209,23.482019424438477
224.0,6.0,15.78269100189209,23.482019424438477
224.0,6.0,15.78269100189209,23.482019424438477
224.0,6.0,15.796063423156738,23.482196807861328
224.0,6.0,15.796063423156738,23.482196807861328
224.0,6.0,15.810970306396484,23.482267379760742
224.0,6.0,15.810970306396484,23.482267379760742
224.0,6.0,15.821358680725098,23.482212066650391
224.0,6.0,15.821358680725098,23.482212066650391
224.0,6.0,15.831085205078125,23.482097625732422
224.0,6.0,15.831085205078125,23.482097625732422
224.0,6.0,15.841100692749023,23.481765747070312
224.0,6.0,15.841100692749023,23.481765747070312
224.0,6.0,15.841100692749023,23.481765747070312
224.0,6.0,15.851516723632812,23.481204986572266
224.0,6.0,15.851516723632812,23.481204986572266
224.0,6.0,15.851516723632812,23.481204986572266
224.0,6.0,15.851516723632812,23.481204986572266
224.0,6.0,15.866036415100098,23.480545043945312
224.0,6.0,15.866036415100098,23.480545043945312
224.0,6.0,15.882096290588379,23.479679107666016
224.0,6.0,15.882096290588379,23.479679107666016
224.0,6.0,15.892990112304688,23.479215621948242
224.0,6.0,15.902445793151855,23.478841781616211
224.0,6.0,15.902445793151855,23.478841781616211
224.0,6.0,15.902445793151855,23.478841781616211
224.0,6.0,15.912213325500488,23.478483200073242
224.0,6.0,15.912213325500488,23.478483200073242
224.0,6.0,15.912213325500488,23.478483200073242
224.0,6.0,15.922619819641113,23.478200912475586
224.0,6.0,15.922619819641113,23.478200912475586
224.0,6.0,15.922619819641113,23.478200912475586
224.0,6.0,15.93746280670166,23.477909088134766
224.0,6.0,15.93746280670166,23.477909088134766
224.0,6.0,15.951783180236816,23.477659225463867
224.0,6.0,15.951783180236816,23.477659225463867
224.0,6.0,15.96141242980957,23.477497100830078
224.0,6.0,15.96141242980957,23.477497100830078
224.0,6.0,15.970160484313965,23.477365493774414
224.0,6.0,15.970160484313965,23.477365493774414
224.0,6.0,15.978988647460938,23.477252960205078
224.0,6.0,15.978988647460938,23.477252960205078
224.0,6.0,15.978988647460938,23.477252960205078
224.0,6.0,15.988117218017578,23.477165222167969
224.0,6.0,15.988117218017578,23.477165222167969
224.0,6.0,15.988117218017578,23.477165222167969
224.0,6.0,16.001052856445312,23.477102279663086
224.0,6.0,16.001052856445312,23.477102279663086
224.0,6.0,16.01643180847168,23.477123260498047
224.0,6.0,16.01643180847168,23.477123260498047
224.0,6.0,16.025783538818359,23.477178573608398
224.0,6.0,16.025783538818359,23.477178573608398
224.0,6.0,16.035484313964844,23.477235794067383
224.0,6.0,16.035484313964844,23.477235794067383
224.0,6.0,16.035484313964844,23.477235794067383
224.0,6.0,16.045841217041016,23.477359771728516
224.0,6.0,16.045841217041016,23.477359771728516
224.0,6.0,16.045841217041016,23.477359771728516
224.0,6.0,16.045841217041016,23.477359771728516
224.0,6.0,16.061056137084961,23.477603912353516
224.0,6.0,16.061056137084961,23.477603912353516
225.0,6.0,16.080942153930664,23.478118896484375
225.0,6.0,16.080942153930664,23.478118896484375
225.0,6.0,16.080942153930664,23.478118896484375
225.0,6.0,16.091665267944336,23.478443145751953
225.0,6.0,16.091665267944336,23.478443145751953
225.0,6.0,16.091665267944336,23.478443145751953
225.0,6.0,16.107280731201172,23.478826522827148
225.0,6.0,16.107280731201172,23.478826522827148
225.0,6.0,16.107280731201172,23.478826522827148
225.0,6.0,16.122230529785156,23.479236602783203
225.0,6.0,16.122230529785156,23.479236602783203
225.0,6.0,16.122230529785156,23.479236602783203
225.0,6.0,16.122230529785156,23.479236602783203
225.0,6.0,16.137340545654297,23.479635238647461
225.0,6.0,16.137340545654297,23.479635238647461
225.0,6.0,16.155370712280273,23.479875564575195
225.0,6.0,16.155370712280273,23.479875564575195
225.0,6.0,16.155370712280273,23.479875564575195
225.0,6.0,16.165134429931641,23.480022430419922
225.0,6.0,16.165134429931641,23.480022430419922
225.0,6.0,16.165134429931641,23.480022430419922
225.0,6.0,16.180635452270508,23.480352401733398
225.0,6.0,16.180635452270508,23.480352401733398
225.0,6.0,16.180635452270508,23.480352401733398
232.0,3.0,10.672440528869629,22.439060211181641
232.0,3.0,10.672440528869629,22.439060211181641
232.0,3.0,10.668227195739746,22.439060211181641
232.0,3.0,10.668227195739746,22.439060211181641
232.0,3.0,10.668227195739746,22.439060211181641
233.0,3.0,10.664095878601074,22.439060211181641
233.0,3.0,10.664095878601074,22.439060211181641
233.0,3.0,10.664095878601074,22.439060211181641
233.0,3.0,10.657885551452637,22.439060211181641
233.0,3.0,10.651472091674805,22.439060211181641
233.0,3.0,10.651472091674805,22.439060211181641
233.0,3.0,10.647051811218262,22.439060211181641
233.0,3.0,10.647051811218262,22.439060211181641
233.0,3.0,10.647051811218262,22.439060211181641
233.0,3.0,10.642609596252441,22.439060211181641
233.0,3.0,10.642609596252441,22.439060211181641
233.0,3.0,10.637702941894531,22.439060211181641
233.0,3.0,10.637702941894531,22.439060211181641
233.0,3.0,10.633567810058594,22.439060211181641
233.0,3.0,10.633567810058594,22.439060211181641
233.0,3.0,10.633567810058594,22.439060211181641
233.0,3.0,10.633567810058594,22.439060211181641
233.0,3.0,10.627279281616211,22.439060211181641
233.0,3.0,10.627279281616211,22.439060211181641
233.0,3.0,10.620259284973145,22.439060211181641
233.0,3.0,10.620259284973145,22.439060211181641
233.0,3.0,10.615829467773438,22.439060211181641
233.0,3.0,10.615829467773438,22.439060211181641
233.0,3.0,10.611405372619629,22.439060211181641
233.0,3.0,10.611405372619629,22.439060211181641
233.0,3.0,10.606734275817871,22.439060211181641
233.0,3.0,10.606734275817871,22.439060211181641
233.0,3.0,10.602296829223633,22.439060211181641
233.0,3.0,10.602296829223633,22.439060211181641
233.0,3.0,10.602296829223633,22.439060211181641
233.0,3.0,10.602296829223633,22.439060211181641
233.0,3.0,10.595995903015137,22.439060211181641
233.0,3.0,10.595995903015137,22.439060211181641
233.0,3.0,10.589109420776367,22.439060211181641
233.0,3.0,10.589109420776367,22.439060211181641
233.0,3.0,10.584578514099121,22.439060211181641
233.0,3.0,10.584578514099121,22.439060211181641
233.0,3.0,10.580118179321289,22.439060211181641
233.0,3.0,10.580118179321289,22.439060211181641
233.0,3.0,10.575644493103027,22.439060211181641
233.0,3.0,10.575644493103027,22.439060211181641
233.0,3.0,10.575644493103027,22.439060211181641
233.0,3.0,10.571142196655273,22.439060211181641
233.0,3.0,10.571142196655273,22.439060211181641
233.0,3.0,10.571142196655273,22.439060211181641
233.0,3.0,10.564730644226074,22.439060211181641
233.0,6.0,16.851215362548828,20.46009635925293
233.0,3.0,10.564730644226074,22.439060211181641
233.0,6.0,16.851215362548828,20.46009635925293
233.0,3.0,10.557711601257324,22.439060211181641
233.0,3.0,10.557711601257324,22.439060211181641
233.0,3.0,10.553262710571289,22.439060211181641
233.0,3.0,10.553262710571289,22.439060211181641
233.0,3.0,10.548386573791504,22.439060211181641
233.0,3.0,10.548386573791504,22.439060211181641
233.0,3.0,10.543828964233398,22.439060211181641
233.0,3.0,10.543828964233398,22.439060211181641
233.0,3.0,10.543828964233398,22.439060211181641
233.0,3.0,10.539660453796387,22.439060211181641
233.0,3.0,10.539660453796387,22.439060211181641
233.0,3.0,10.539660453796387,22.439060211181641
234.0,3.0,10.4454345703125,22.439060211181641
234.0,3.0,10.4454345703125,22.439060211181641
234.0,3.0,10.4454345703125,22.439060211181641
234.0,3.0,10.43834114074707,22.439060211181641
234.0,3.0,10.43834114074707,22.439060211181641
234.0,3.0,10.43834114074707,22.439060211181641
234.0,3.0,10.432112693786621,22.439060211181641
234.0,3.0,10.432112693786621,22.439060211181641
234.0,3.0,10.432112693786621,22.439060211181641
234.0,3.0,10.42545223236084,22.439060211181641
234.0,3.0,10.42545223236084,22.439060211181641
234.0,3.0,10.42545223236084,22.439060211181641
234.0,3.0,10.418666839599609,22.439060211181641
234.0,3.0,10.418666839599609,22.439060211181641
234.0,3.0,10.418666839599609,22.439060211181641
234.0,3.0,10.418666839599609,22.439060211181641
234.0,3.0,10.418666839599609,22.439060211181641
234.0,3.0,10.412143707275391,22.439060211181641
234.0,3.0,10.412143707275391,22.439060211181641
234.0,3.0,10.401115417480469,22.439060211181641
234.0,3.0,10.401115417480469,22.439060211181641
234.0,3.0,10.401115417480469,22.439060211181641
234.0,3.0,10.396161079406738,22.439060211181641
234.0,3.0,10.396161079406738,22.439060211181641
234.0,3.0,10.396161079406738,22.439060211181641
234.0,3.0,10.389341354370117,22.439060211181641
234.0,3.0,10.389341354370117,22.439060211181641
234.0,3.0,10.383068084716797,22.439060211181641
234.0,3.0,10.383068084716797,22.439060211181641
234.0,3.0,10.383068084716797,22.439060211181641
234.0,3.0,10.383068084716797,22.439060211181641
234.0,3.0,10.37844181060791,22.439060211181641
234.0,3.0,10.37844181060791,22.439060211181641
234.0,3.0,10.37844181060791,22.439060211181641
234.0,3.0,10.370220184326172,22.439060211181641
234.0,3.0,10.370220184326172,22.439060211181641
234.0,3.0,10.370220184326172,22.439060211181641
234.0,3.0,10.363150596618652,22.439060211181641
234.0,3.0,10.363150596618652,22.439060211181641
234.0,3.0,10.356298446655273,22.439060211181641
234.0,3.0,10.356298446655273,22.439060211181641
234.0,3.0,10.356298446655273,22.439060211181641
234.0,3.0,10.352120399475098,22.439060211181641
234.0,3.0,10.352120399475098,22.439060211181641
234.0,3.0,10.352120399475098,22.439060211181641
234.0,3.0,10.352120399475098,22.439060211181641
234.0,3.0,10.345311164855957,22.439060211181641
234.0,3.0,10.345311164855957,22.439060211181641
234.0,3.0,10.345311164855957,22.439060211181641
234.0,3.0,10.336238861083984,22.439060211181641
234.0,3.0,10.336238861083984,22.439060211181641
234.0,3.0,10.336238861083984,22.439060211181641
234.0,3.0,10.33138370513916,22.439060211181641
234.0,3.0,10.33138370513916,22.439060211181641
234.0,3.0,10.33138370513916,22.439060211181641
234.0,3.0,10.324489593505859,22.439060211181641
234.0,3.0,10.324489593505859,22.439060211181641
234.0,3.0,10.318031311035156,22.439060211181641
234.0,3.0,10.318031311035156,22.439060211181641
234.0,3.0,10.318031311035156,22.439060211181641
234.0,3.0,10.318031311035156,22.439060211181641
234.0,3.0,10.311697006225586,22.439060211181641
234.0,3.0,10.311697006225586,22.439060211181641
234.0,3.0,10.30341911315918,22.439060211181641
234.0,3.0,10.30341911315918,22.439060211181641
234.0,3.0,10.30341911315918,22.439060211181641
234.0,3.0,10.30341911315918,22.439060211181641
234.0,3.0,10.298559188842773,22.439060211181641
234.0,3.0,10.298559188842773,22.439060211181641
234.0,3.0,10.298559188842773,22.439060211181641
234.0,3.0,10.291397094726562,22.439060211181641
234.0,3.0,10.291397094726562,22.439060211181641
234.0,3.0,10.291397094726562,22.439060211181641
234.0,3.0,10.284530639648438,22.439060211181641
234.0,3.0,10.284530639648438,22.439060211181641
234.0,3.0,10.284530639648438,22.439060211181641
234.0,3.0,10.277937889099121,22.439060211181641
234.0,3.0,10.277937889099121,22.439060211181641
238.0,6.0,17.549823760986328,22.112277984619141
238.0,6.0,17.549823760986328,22.112277984619141
238.0,6.0,17.549320220947266,22.121721267700195
238.0,6.0,17.549320220947266,22.121721267700195
238.0,6.0,17.548816680908203,22.130407333374023
238.0,6.0,17.548816680908203,22.130407333374023
238.0,6.0,17.548238754272461,22.139553070068359
238.0,6.0,17.548238754272461,22.139553070068359
238.0,6.0,17.547651290893555,22.148555755615234
238.0,6.0,17.547651290893555,22.148555755615234
238.0,6.0,17.547021865844727,22.15803337097168
238.0,6.0,17.547021865844727,22.15803337097168
238.0,6.0,17.546300888061523,22.167770385742188
238.0,6.0,17.546300888061523,22.167770385742188
238.0,6.0,17.545557022094727,22.177505493164062
238.0,6.0,17.545557022094727,22.177505493164062
238.0,6.0,17.544809341430664,22.187286376953125
238.0,6.0,17.544809341430664,22.187286376953125
239.0,6.0,17.543899536132812,22.197210311889648
239.0,6.0,17.543899536132812,22.197210311889648
239.0,6.0,17.542985916137695,22.207077026367188
239.0,6.0,17.542985916137695,22.207077026367188
239.0,6.0,17.542129516601562,22.217021942138672
239.0,6.0,17.542129516601562,22.217021942138672
239.0,6.0,17.541284561157227,22.22706413269043
239.0,6.0,17.541284561157227,22.22706413269043
239.0,6.0,17.540403366088867,22.237112045288086
239.0,6.0,17.540403366088867,22.237112045288086
239.0,6.0,17.539436340332031,22.247604370117188
239.0,6.0,17.539436340332031,22.247604370117188
239.0,6.0,17.538663864135742,22.257354736328125
239.0,6.0,17.538663864135742,22.257354736328125
239.0,6.0,17.537956237792969,22.266845703125
239.0,6.0,17.537956237792969,22.266845703125
239.0,6.0,17.537239074707031,22.276668548583984
239.0,6.0,17.537239074707031,22.276668548583984
239.0,6.0,17.536489486694336,22.286317825317383
239.0,6.0,17.536489486694336,22.286317825317383
239.0,6.0,17.535680770874023,22.296056747436523
239.0,6.0,17.535680770874023,22.296056747436523
239.0,6.0,17.534856796264648,22.305330276489258
239.0,6.0,17.534856796264648,22.305330276489258
239.0,6.0,17.533990859985352,22.314775466918945
239.0,6.0,17.533990859985352,22.314775466918945
239.0,6.0,17.533115386962891,22.32438850402832
239.0,6.0,17.533115386962891,22.32438850402832
239.0,6.0,17.532314300537109,22.333227157592773
239.0,6.0,17.532314300537109,22.333227157592773
239.0,6.0,17.531471252441406,22.342273712158203
239.0,6.0,17.531471252441406,22.342273712158203
239.0,6.0,17.530597686767578,22.351860046386719
239.0,6.0,17.530597686767578,22.351860046386719
239.0,6.0,17.529775619506836,22.361438751220703
239.0,6.0,17.529775619506836,22.361438751220703
239.0,6.0,17.529775619506836,22.361438751220703
239.0,6.0,17.529012680053711,22.371057510375977
239.0,6.0,17.529012680053711,22.371057510375977
239.0,6.0,17.528278350830078,22.381023406982422
239.0,6.0,17.528278350830078,22.381023406982422
239.0,6.0,17.527633666992188,22.391029357910156
239.0,6.0,17.527256011962891,22.400989532470703
239.0,6.0,17.527256011962891,22.400989532470703
239.0,6.0,17.527256011962891,22.400989532470703
239.0,6.0,17.530590057373047,22.408988952636719
239.0,6.0,17.530590057373047,22.408988952636719
239.0,6.0,17.535276412963867,22.417531967163086
239.0,6.0,17.540821075439453,22.425464630126953
239.0,6.0,17.540821075439453,22.425464630126953
239.0,6.0,17.540821075439453,22.425464630126953
239.0,6.0,17.545835494995117,22.431718826293945
239.0,6.0,17.545835494995117,22.431718826293945
239.0,6.0,17.553627014160156,22.439874649047852
239.0,6.0,17.553627014160156,22.439874649047852
239.0,6.0,17.559572219848633,22.445375442504883
239.0,6.0,17.559572219848633,22.445375442504883
239.0,6.0,17.566669464111328,22.451221466064453
239.0,6.0,17.566669464111328,22.451221466064453
239.0,6.0,17.575021743774414,22.457305908203125
239.0,6.0,17.575021743774414,22.457305908203125
239.0,6.0,17.582155227661133,22.462013244628906
239.0,6.0,17.582155227661133,22.462013244628906
239.0,6.0,17.590036392211914,22.466724395751953
239.0,6.0,17.590036392211914,22.466724395751953
239.0,6.0,17.598810195922852,22.471403121948242
239.0,6.0,17.598810195922852,22.471403121948242
239.0,6.0,17.60667610168457,22.475160598754883
239.0,6.0,17.60667610168457,22.475160598754883
239.0,6.0,17.614723205566406,22.478607177734375
239.0,6.0,17.614723205566406,22.478607177734375
239.0,6.0,17.622888565063477,22.481784820556641
239.0,6.0,17.622888565063477,22.481784820556641
239.0,6.0,17.630754470825195,22.484624862670898
239.0,6.0,17.630754470825195,22.484624862670898
239.0,6.0,17.638975143432617,22.48741340637207
239.0,6.0,17.638975143432617,22.48741340637207
239.0,6.0,17.648130416870117,22.490352630615234
239.0,6.0,17.648130416870117,22.490352630615234
239.0,6.0,17.657331466674805,22.493152618408203
239.0,6.0,17.657331466674805,22.493152618408203
239.0,6.0,17.667369842529297,22.49598503112793
239.0,6.0,17.667369842529297,22.49598503112793
239.0,6.0,17.676652908325195,22.498447418212891
239.0,6.0,17.676652908325195,22.498447418212891
239.0,6.0,17.686056137084961,22.500846862792969
239.0,6.0,17.686056137084961,22.500846862792969
239.0,6.0,17.696117401123047,22.503238677978516
239.0,6.0,17.696117401123047,22.503238677978516
239.0,6.0,17.706108093261719,22.505485534667969
239.0,6.0,17.706108093261719,22.505485534667969
240.0,6.0,17.715923309326172,22.507707595825195
240.0,6.0,17.715923309326172,22.507707595825195
240.0,6.0,17.725774765014648,22.509769439697266
240.0,6.0,17.725774765014648,22.509769439697266
240.0,6.0,17.735651016235352,22.511665344238281
240.0,6.0,17.735651016235352,22.511665344238281
240.0,6.0,17.745866775512695,22.51348876953125
240.0,6.0,17.745866775512695,22.51348876953125
240.0,6.0,17.755477905273438,22.515163421630859
240.0,6.0,17.755477905273438,22.515163421630859
240.0,6.0,17.765724182128906,22.516845703125
240.0,6.0,17.765724182128906,22.516845703125
240.0,6.0,17.77482795715332,22.518135070800781
240.0,6.0,17.77482795715332,22.518135070800781
240.0,6.0,17.784099578857422,22.51933479309082
240.0,6.0,17.784099578857422,22.51933479309082
240.0,6.0,17.79351806640625,22.520475387573242
240.0,6.0,17.79351806640625,22.520475387573242
240.0,6.0,17.80286979675293,22.521583557128906
240.0,6.0,17.80286979675293,22.521583557128906
240.0,6.0,17.811803817749023,22.522634506225586
240.0,6.0,17.811803817749023,22.522634506225586
240.0,6.0,17.820667266845703,22.523666381835938
240.0,6.0,17.820667266845703,22.523666381835938
240.0,6.0,17.830142974853516,22.524726867675781
240.0,6.0,17.830142974853516,22.524726867675781
240.0,6.0,17.839519500732422,22.525705337524414
240.0,6.0,17.839519500732422,22.525705337524414
240.0,6.0,17.848230361938477,22.526571273803711
240.0,6.0,17.848230361938477,22.526571273803711
240.0,6.0,17.857393264770508,22.527460098266602
240.0,6.0,17.857393264770508,22.527460098266602
240.0,6.0,17.867658615112305,22.528390884399414
240.0,6.0,17.867658615112305,22.528390884399414
240.0,6.0,17.867658615112305,22.528390884399414
240.0,6.0,17.876388549804688,22.529102325439453
240.0,6.0,17.876388549804688,22.529102325439453
240.0,6.0,17.876388549804688,22.529102325439453
240.0,6.0,17.89030647277832,22.530067443847656
240.0,6.0,17.89030647277832,22.530067443847656
240.0,6.0,17.9063720703125,22.530881881713867
240.0,6.0,17.9063720703125,22.530881881713867
267.0,5.0,14.21934700012207,13.481195449829102
267.0,5.0,14.21934700012207,13.481195449829102
267.0,5.0,14.21934700012207,13.481195449829102
267.0,5.0,14.232212066650391,13.481513977050781
267.0,5.0,14.232212066650391,13.481513977050781
267.0,5.0,14.232212066650391,13.481513977050781
267.0,5.0,14.245881080627441,13.481830596923828
267.0,5.0,14.245881080627441,13.481830596923828
267.0,5.0,14.245881080627441,13.481830596923828
267.0,5.0,14.245881080627441,13.481830596923828
267.0,5.0,14.261137008666992,13.482099533081055
267.0,5.0,14.261137008666992,13.482099533081055
267.0,5.0,14.278192520141602,13.481977462768555
267.0,5.0,14.278192520141602,13.481977462768555
267.0,5.0,14.278192520141602,13.481977462768555
